studentID; studentName; bookID; bookTitle;
222;Hayden;222222;Hayden;
111;aaaaa;1111111;aaaaaaaaa;
111;aaaaa;1111111;aaaaaaaaa;
111;aaaaa;1111111;aaaaaaaaa;
111;aaaaa;1111111;aaaaaaaaa;
111;aaaaa;1111111;aaaaaaaaa;
222;Hayden;222222;Hayden;
111;aaaaa;1111111;aaaaaaaaa;
111;aaaaa;1111111;aaaaaaaaa;
111;aaaaa;1111111;aaaaaaaaa;
111;aaaaa;1111111;aaaaaaaaa;
111;aaaaa;1111111;aaaaaaaaa;
222;Hayden;222222;Hayden;
111;aaaaa;1111111;aaaaaaaaa;
111;aaaaa;1111111;aaaaaaaaa;
111;aaaaa;1111111;aaaaaaaaa;
111;aaaaa;1111111;aaaaaaaaa;
111;aaaaa;1111111;here;
222;Hayden;222222;Hayden;
111;aaaaa;1111111;aaaaaaaaa;
111;aaaaa;1111111;aaaaaaaaa;
111;aaaaa;1111111;aaaaaaaaa;
111;aaaaa;1111111;aaaaaaaaa;
111;aaaaa;1111111;aaaaaaaaa;
222;Hayden;222222;Hayden;
111;aaaaa;1111111;aaaaaaaaa;
111;aaaaa;1111111;aaaaaaaaa;
111;aaaaa;1111111;aaaaaaaaa;
111;aaaaa;1111111;aaaaaaaaa;
111;aaaaa;1111111;aaaaaaaaa;
222;Hayden;222222;Hayden;
111;aaaaa;1111111;aaaaaaaaa;
111;aaaaa;1111111;aaaaaaaaa;
111;aaaaa;1111111;aaaaaaaaa;
111;aaaaa;1111111;aaaaaaaaa;
111;aaaaa;1111111;aaaaaaaaa;
222;Hayden;222222;Hayden;
111;aaaaa;1111111;aaaaaaaaa;
111;aaaaa;1111111;aaaaaaaaa;
111;aaaaa;1111111;aaaaaaaaa;
111;aaaaa;1111111;aaaaaaaaa;
111;aaaaa;1111111;aaaaaaaaa;
222;Hayden;222222;Hayden;
111;aaaaa;1111111;aaaaaaaaa;
111;aaaaa;1111111;aaaaaaaaa;
111;aaaaa;1111111;aaaaaaaaa;
111;aaaaa;1111111;aaaaaaaaa;
111;aaaaaaaaa;2222222;xxsdsa;
123;New;12345;New;
111;aaaaa;1111111;aaaaaaaaa;